问题,答案,关键词,分类
几点可以入住？,标准入住时间为当日14:00；如需提前入住请联系掌柜视房态协调,入住时间 几点 入住 checkin,入住与设备
几点退房？,标准退房时间为次日12:00；如需延迟退房请联系掌柜视房态协调,退房 几点 离开 checkout,入住与设备
怎么办理入住？,支持线上云房卡自助办理或联系掌柜协助办理；线上办理需通过公安刷脸核验及在线支付押金,自助入住 办理 流程 入住,入住与设备
Wi-Fi 密码是多少？,以入住当天发送的云房卡短信为准；如未收到请提供订单号查询,wifi 密码 无线网络 网络,入住与设备
房间在哪一栋、哪一层？,具体楼栋楼层以入住当天发送的云房卡短信为准；可向掌柜咨询,楼栋 楼层 哪栋 位置,入住与设备
我已经到附近了，怎么走？,可向掌柜咨询具体路线或参考云房卡短信中的交通指引,附近 怎么走 导航 路线,入住与设备
如何自助入住？,通过云房卡线上办理：刷脸核验身份、确认押金支付后即可获取门锁密码,自助 入住 流程 云房卡,入住与设备
电梯怎么使用？,电梯使用方式因楼栋而异，可联系掌柜咨询具体操作,电梯 怎么用,入住与设备
小区大门怎么进入？,小区大门进入方式以入住当天发送的云房卡短信为准,可向掌柜咨询,小区 大门 进入 门禁,入住与设备
入住需要身份证吗？,需要实名登记（公安要求）。线上办理可通过云房卡刷脸核验,身份证 实名 入住 登记,入住与设备
需要人脸识别吗？,需要公安要求的刷脸核验,在云房卡办理时完成,人脸识别 刷脸 核验,入住与设备
小区门禁密码是多少？,门禁密码以入住当天发送的云房卡短信为准；如未收到可联系掌柜,小区门禁 密码 门禁,入住与设备
晚上很晚到还能入住吗？,可以,自助入住不受时间限制；如需协助请联系掌柜,深夜到 入住 晚到,入住与设备
这几天住一晚多少钱？,价格因日期与房型而异,请前往携程、美团、去哪儿搜索"柚光民宿"查询实时价格,价格 多少钱 一晚,预订与价格
为什么今天价格不一样？,民宿价格随季节、节假日与预订情况实时调整,以预订平台显示为准,价格 变化 浮动,预订与价格
最多可以住几个人？,房型可住人数以预订页面展示为准；加人或加床请提前与掌柜确认,几个人 人数 入住上限,预订与价格
有没有大床房或双床房？,有多种房型（大床/双床/套房等），请前往预订平台查看,大床 双床 房型,预订与价格
有没有家庭房或多房间？,部分房源有亲子或多房间配置,具体以预订平台展示为准,家庭房 多房间 套房,预订与价格
小孩算入住人数吗？,儿童是否计入入住人数以预订平台房型说明为准,小孩 儿童 人数,预订与价格
可以带宠物吗？,是否可以携带宠物以预订页面说明为准；部分房源可接待小型宠物,宠物 带宠物 携带,预订与价格
房间里可以抽烟吗？,所有房间均为禁烟房,请到楼下指定吸烟区,吸烟 抽烟 烟,预订与价格
房间可以做饭吗？,房间内不提供烹饪设施；如需简单热食可使用电水壶或联系掌柜咨询,做饭 烹饪 厨房,预订与价格
有厨房和厨具吗？,房间内不提供厨房及厨具；附近便利店或餐厅可满足基本餐饮需求,厨房 厨具 做饭,预订与价格
房间有洗衣机吗？,部分房源配备洗衣机,具体以预订页面展示为准,洗衣机 洗衣,预订与价格
有早餐吗？,房间不含早餐；附近有多家早餐店可步行前往,早餐 含餐,预订与价格
有浴缸吗？,房型设施以预订页面展示为准；部分房源配有浴缸,浴缸 浴室,预订与价格
有投影或电视吗？,多数房源配备智能投影或电视,使用方式可咨询掌柜,投影 电视 影音,预订与价格
房源有电梯吗？,房型设施以预订页面展示为准；高层房源通常配备电梯,电梯 高层,预订与价格
适合老人或残疾人入住吗？,具体房型设施以预订页面展示为准；如需特殊需求请提前与掌柜沟通,老人 残疾人 无障碍 适老化,预订与价格
附近有停车场吗？,周边停车信息可在云房卡中查看或咨询掌柜；部分房源有专属停车位,停车场 停车位 停车,周边与位置
可以开住宿发票吗？,支持开具住宿发票,可在退房后联系掌柜办理；具体请咨询掌柜,发票 收据 报销,支付与发票
支持哪些支付方式？,支持微信、支付宝等主流支付方式,具体以预订平台为准,支付方式 付款 微信 支付宝,支付与发票
押金是多少钱？,押金金额因房型而异,可在预订页面或云房卡办理时查看具体金额,押金 金额 多少钱,支付与发票
押金什么时候退？,退房后无物品损坏的情况下,押金将在1-7个工作日内原路退回,押金 退款 退回 时间,支付与发票
我的押金还没有退。,押金退回通常在退房后1-7个工作日内完成；如超时未到账请联系掌柜查询,押金 未退 查询,支付与发票
我已经付款成功了吗？,请订单查询当前订单的支付状态,支付 成功 查询 状态,支付与发票
订单费用具体包括什么？,订单费用包含房费及押金等,具体明细可在订单详情中查看,订单 费用 房费,支付与发票
清洁费是什么？,部分房源在房费中包含一次性清洁费,具体以预订页面展示为准,清洁费 卫生费,支付与发票
多住一个人怎么收费？,加人或加床费用因房型而异,请联系掌柜咨询,加人 加床 收费,支付与发票
延迟退房收费吗？,延迟退房费用以房型与延迟时长计算,具体请联系掌柜咨询,延迟 退房 收费,支付与发票
房间物品损坏怎么赔？,若房间物品损坏请联系掌柜,按物品实际损坏情况协商赔偿,损坏 赔偿 物品,支付与发票
退款一般多久到账？,退款将在1-7个工作日内原路退回,具体以银行到账时间为准,退款 到账 时间,支付与发票
发票抬头怎么填写？,开票时请提供准确的发票抬头及税号,具体请联系掌柜,发票 抬头 税号,支付与发票
平台订单可以开公司发票吗？,支持开具公司发票,请联系掌柜提供开票资料,公司发票 企业 报销,支付与发票
最近的地铁站在哪里？,请咨询掌柜获取房源附近的地铁站信息,地铁 交通,周边与位置
从机场怎么过来？,具体路线请咨询掌柜或参考云房卡短信中的交通指引,机场 路线 交通,周边与位置
从高铁站怎么过来？,具体路线请咨询掌柜或参考云房卡短信中的交通指引,高铁 火车站 路线,周边与位置
附近有什么好吃的？,周边餐饮信息可咨询掌柜或参考云房卡中的周边推荐,美食 餐厅 好吃 附近,周边与位置
附近有便利店吗？,周边便利店位置可咨询掌柜,便利店 购物,周边与位置
附近有超市吗？,周边超市位置可咨询掌柜,超市 购物,周边与位置
附近有药店或医院吗？,周边药店或医院位置可咨询掌柜,药店 医院 医疗,周边与位置
附近哪里可以吃早餐？,周边早餐店位置可咨询掌柜,早餐 早餐店,周边与位置
附近有洗衣店吗？,周边洗衣店位置可咨询掌柜,洗衣店,周边与位置
附近有充电桩吗？,周边充电桩位置可咨询掌柜,充电桩 新能源,周边与位置
附近有什么景点？,周边景点信息可咨询掌柜或参考云房卡中的周边推荐,景点 旅游,周边与位置
去附近景点怎么走？,景点路线可咨询掌柜或参考云房卡中的交通指引,景点 路线 导航,周边与位置
附近有什么适合带孩子玩的地方？,周边亲子游玩地点可咨询掌柜,亲子 带孩子 儿童,周边与位置
附近哪里可以停车？,周边停车地点可咨询掌柜,停车 停车位,周边与位置
可以点外卖吗？,支持外卖配送,具体送达地址以云房卡中显示为准,外卖 配送,周边与位置
外卖应该送到哪里？,外卖送达地址以云房卡中显示为准；如无法送达请联系掌柜协助,外卖 送货 地址,周边与位置
附近有没有行李寄存？,附近行李寄存点可咨询掌柜,行李寄存 寄存,周边与位置
附近有没有租车或租电动车？,周边租车服务可咨询掌柜,租车 电动车,周边与位置
周边晚上安全吗？,周边治安情况可咨询掌柜,治安 安全 晚上,周边与位置
我的隐私会被保存吗？,仅在法律法规要求范围内保存身份信息（公安入住登记）；不会用于其他用途,隐私 保密 信息保存,通用与隐私
房间里有没有摄像头？,房间内无摄像头；公共区域设施按法律法规配备,摄像头 监控 偷拍,通用与隐私
为什么需要我的身份证信息？,根据公安住宿登记要求,所有入住人均需实名登记,身份证 实名 公安,通用与隐私
支持哪些语言？,当前AI客服支持中文；其他语言建议直接联系掌柜,语言 中文 英文,通用与隐私
人工客服几点在线？,如需人工服务请拨打400-155-9959,人工 在线,通用与隐私
清洁费包含什么？,清洁费为房间打扫及一次性用品更换服务费用,具体以订单明细为准,清洁费 服务,支付与发票
周边有什么早餐店？,周边早餐店可咨询掌柜,早餐店 早餐,周边与位置
周边有什么午餐/晚餐推荐？,周边餐饮可咨询掌柜,午餐 晚餐 美食,周边与位置
附近有没有适合散步的地方？,周边适合散步的地点可咨询掌柜,散步 周边,周边与位置
附近有健身房吗？,周边健身房位置可咨询掌柜,健身房 健身,周边与位置
房间有几个床？,床位数量以房型说明为准,床位 床,预订与价格
房间有阳台吗？,房型设施以预订页面展示为准；部分房源配有阳台,阳台,预订与价格
房间有厨房吗？,部分房源配有简易厨房设施,具体以预订页面为准,厨房,预订与价格
有拖鞋吗？,房间配备一次性拖鞋,具体以房源实际为准,拖鞋 用品,入住与设备
有洗浴用品吗？,房间配备基础洗浴用品（沐浴露/洗发水）,具体以房源实际为准,洗浴 用品 沐浴露,入住与设备
有纸巾吗？,房间配备纸巾,具体以房源实际为准,纸巾 用品,入住与设备
有暖气吗？,房型设施以预订页面为准；部分房源配备空调制热,暖气 取暖,入住与设备
有矿泉水吗？,部分房源配备饮用水；具体以房源实际为准,饮用水 矿泉水,入住与设备
房间可以加床吗？,部分房源支持加床,需提前与掌柜确认费用与可用性,加床,预订与价格
房间可以多住几个小时？,延迟退房需求请联系掌柜,具体以当日房态为准,延迟 多住 几小时,预订与价格
取消订单会扣多少钱？,取消订单扣费按预订平台规则执行,具体扣款金额以订单详情为准,取消 扣款 退款,订单变更
我可以晚点退房吗？,可以申请延迟退房,需联系掌柜并按房态与时长协商,延迟退房 晚退,订单变更
我想延住一晚。,延住需联系掌柜并确认当日房态与价格,延住 加住,订单变更
可以修改入住人姓名吗？,修改入住人姓名需联系掌柜,涉及公安实名登记调整,改姓名 入住人,订单变更
可以修改手机号吗？,修改预留手机号可在订单详情中调整或联系掌柜协助,改手机号 联系方式,订单变更
可以修改到店时间吗？,修改预计到店时间请提前与掌柜沟通,改到店时间 到达时间,订单变更
怎么申请退款？,退款申请可在订单详情中操作或联系掌柜协助,退款 申请,订单变更
我的退款到哪里了？,请订单查询当前订单的退款状态,退款 查询 状态,订单变更
退款一般多久到账？,退款将在1-7个工作日内原路退回,具体以银行到账时间为准,退款 到账,订单变更
发票什么时候可以开？,发票可在退房后申请开具,具体请联系掌柜,发票 开票 时间,支付与发票
发票可以发到哪里？,电子发票可发送至预留邮箱；纸质发票可邮寄,具体请联系掌柜,发票 邮寄 邮箱,支付与发票
房间有电梯吗？,高层房源通常配备电梯,具体以预订页面为准,电梯,入住与设备
附近有公交车吗？,周边公交信息可咨询掌柜,公交 交通,周边与位置
房间有空调吗？,所有房间配备空调,具体操作可咨询掌柜,空调 制冷,入住与设备
空调怎么打开？,空调遥控器在房间内,具体操作可咨询掌柜,空调 打开,入住与设备
热水怎么打开？,热水器通常为即开即热或储水式,具体操作可咨询掌柜,热水 使用,入住与设备
电视或投影怎么使用？,电视/投影遥控器在房间内,具体操作可咨询掌柜,电视 投影 使用,入住与设备
冰箱可以使用吗？,房间冰箱可正常使用,具体操作可咨询掌柜,冰箱 使用,入住与设备
洗衣机怎么使用？,洗衣机操作可参考机身说明或咨询掌柜,洗衣机 使用,入住与设备
吹风机在哪里？,吹风机通常在浴室或洗手台附近,具体可咨询掌柜,吹风机 位置,入住与设备
毛巾和浴巾在哪里？,毛巾浴巾通常在浴室柜或床上,具体可咨询掌柜,毛巾 浴巾 位置,入住与设备
洗衣液在哪里？,洗衣液通常与洗衣机同处,部分房间不提供,具体可咨询掌柜,洗衣液 位置,入住与设备
微波炉或燃气灶怎么用？,部分房间配备微波炉或电陶炉,具体操作可咨询掌柜,微波炉 燃气灶 使用,入住与设备
插座或充电器在哪里？,房间内多个插座,床头/书桌/卫生间均有,具体可咨询掌柜,插座 充电器 位置,入住与设备
房间有没有饮用水？,部分房间配备饮用水,具体可咨询掌柜,饮用水 矿泉水,入住与设备
垃圾应该放在哪里？,垃圾请放至房间内垃圾桶或楼下垃圾投放点,垃圾 位置,入住与设备
附近可以寄存行李吗？,附近行李寄存可咨询掌柜,寄存 行李,周边与位置
发票抬头怎么填写？,开票请提供准确的发票抬头及税号,具体请联系掌柜,发票 抬头,支付与发票
房间在哪里（地址）？,具体地址以入住当天云房卡短信为准；可向掌柜咨询详细地址,地址 位置 在哪里,入住与设备